game_id,date,hour,team_id,opponent_id,favored_id
15237889,2026-01-28,19:00:00,2,15,2
15237889,2026-01-28,19:00:00,2,15,2
15237889,2026-01-28,19:00:00,2,15,2
15237889,2026-01-28,19:00:00,2,15,2
15237889,2026-01-28,19:00:00,2,15,2
15237889,2026-01-28,19:00:00,2,15,15
15237889,2026-01-28,19:00:00,2,15,15
15237889,2026-01-28,19:00:00,2,15,15
15237889,2026-01-28,19:00:00,2,15,15
15237889,2026-01-28,19:00:00,2,15,15
15237889,2026-01-28,19:00:00,2,15,15
15237889,2026-01-28,19:00:00,2,15,15
15237891,2026-01-28,19:00:00,9,6,9
15237891,2026-01-28,19:00:00,9,6,6
15237891,2026-01-28,19:00:00,9,6,6
15237891,2026-01-28,19:00:00,9,6,6
15237891,2026-01-28,19:00:00,9,6,6
15237891,2026-01-28,19:00:00,9,6,6
15237890,2026-01-28,19:00:00,13,3,13
15237890,2026-01-28,19:00:00,13,3,13
15237890,2026-01-28,19:00:00,13,3,13
15237890,2026-01-28,19:00:00,13,3,13
15237890,2026-01-28,19:00:00,13,3,13
15237890,2026-01-28,19:00:00,13,3,13
15237890,2026-01-28,19:00:00,13,3,13
15237890,2026-01-28,19:00:00,13,3,13
15237890,2026-01-28,19:00:00,13,3,13
15237890,2026-01-28,19:00:00,13,3,13
15237890,2026-01-28,19:00:00,13,3,13
15237890,2026-01-28,19:00:00,13,3,13
15237890,2026-01-28,19:00:00,13,3,13
15237890,2026-01-28,19:00:00,13,3,3
15237892,2026-01-28,19:00:00,20,16,20
15237892,2026-01-28,19:00:00,20,16,20
15237892,2026-01-28,19:00:00,20,16,20
15237892,2026-01-28,19:00:00,20,16,20
15237892,2026-01-28,19:00:00,20,16,16
15237884,2026-01-28,19:30:00,12,1,12
15237884,2026-01-28,19:30:00,12,1,12
15237884,2026-01-28,19:30:00,12,1,12
15237884,2026-01-28,19:30:00,12,1,1
15237884,2026-01-28,19:30:00,12,1,1
15237884,2026-01-28,19:30:00,12,1,1
15237884,2026-01-28,19:30:00,12,1,1
15237884,2026-01-28,19:30:00,12,1,1
15237884,2026-01-28,19:30:00,12,1,1
15237893,2026-01-28,20:00:00,7,17,7
15237893,2026-01-28,20:00:00,7,17,17
15237893,2026-01-28,20:00:00,7,17,17
15237893,2026-01-28,20:00:00,7,17,17
15237893,2026-01-28,20:00:00,7,17,17
15237893,2026-01-28,20:00:00,7,17,17
15237893,2026-01-28,20:00:00,7,17,17
15237893,2026-01-28,20:00:00,7,17,17
15237893,2026-01-28,20:00:00,7,17,17
15237893,2026-01-28,20:00:00,7,17,17
15237893,2026-01-28,20:00:00,7,17,17
15237893,2026-01-28,20:00:00,7,17,17
15237893,2026-01-28,20:00:00,7,17,17
15237893,2026-01-28,20:00:00,7,17,17
15237893,2026-01-28,20:00:00,7,17,17
15237887,2026-01-28,20:00:00,8,4,8
15237887,2026-01-28,20:00:00,8,4,8
15237887,2026-01-28,20:00:00,8,4,8
15237887,2026-01-28,20:00:00,8,4,8
15237887,2026-01-28,20:00:00,8,4,4
15237887,2026-01-28,20:00:00,8,4,4
15237887,2026-01-28,20:00:00,8,4,4
15237887,2026-01-28,20:00:00,8,4,4
15237887,2026-01-28,20:00:00,8,4,4
15237887,2026-01-28,20:00:00,8,4,4
15237886,2026-01-28,21:30:00,18,11,18
15237886,2026-01-28,21:30:00,18,11,18
15237886,2026-01-28,21:30:00,18,11,11
15237886,2026-01-28,21:30:00,18,11,11
15237886,2026-01-28,21:30:00,18,11,11
15237886,2026-01-28,21:30:00,18,11,11
15237886,2026-01-28,21:30:00,18,11,11
15237886,2026-01-28,21:30:00,18,11,11
15237888,2026-01-29,20:00:00,14,19,14
15237888,2026-01-29,20:00:00,14,19,14
15237888,2026-01-29,20:00:00,14,19,14
15237888,2026-01-29,20:00:00,14,19,14
15237888,2026-01-29,20:00:00,14,19,14
15237888,2026-01-29,20:00:00,14,19,19
15237888,2026-01-29,20:00:00,14,19,19
15237888,2026-01-29,20:00:00,14,19,19
15237888,2026-01-29,20:00:00,14,19,19
15237888,2026-01-29,20:00:00,14,19,19
15237885,2026-01-29,21:30:00,5,10,5
15237885,2026-01-29,21:30:00,5,10,5
15237885,2026-01-29,21:30:00,5,10,5
15237885,2026-01-29,21:30:00,5,10,10
15237885,2026-01-29,21:30:00,5,10,10
15237885,2026-01-29,21:30:00,5,10,10
15237885,2026-01-29,21:30:00,5,10,10
15237885,2026-01-29,21:30:00,5,10,10
15237885,2026-01-29,21:30:00,5,10,10
15237885,2026-01-29,21:30:00,5,10,10
15237894,2026-02-04,19:00:00,11,13,11
15237894,2026-02-04,19:00:00,11,13,11
15237894,2026-02-04,19:00:00,11,13,11
15237894,2026-02-04,19:00:00,11,13,11
15237894,2026-02-04,19:00:00,11,13,13
15237894,2026-02-04,19:00:00,11,13,13
15237894,2026-02-04,19:00:00,11,13,13
15237898,2026-02-04,19:00:00,6,2,6
15237898,2026-02-04,19:00:00,6,2,6
15237898,2026-02-04,19:00:00,6,2,6
15237898,2026-02-04,19:00:00,6,2,6
15237898,2026-02-04,19:00:00,6,2,6
15237898,2026-02-04,19:00:00,6,2,6
15237898,2026-02-04,19:00:00,6,2,2
15237898,2026-02-04,19:00:00,6,2,2
15237898,2026-02-04,19:00:00,6,2,2
15237898,2026-02-04,19:00:00,6,2,2
15237898,2026-02-04,19:00:00,6,2,2
15237898,2026-02-04,19:00:00,6,2,2
15237898,2026-02-04,19:00:00,6,2,2
15237898,2026-02-04,19:00:00,6,2,2
15237898,2026-02-04,19:00:00,6,2,2
15237898,2026-02-04,19:00:00,6,2,2
15237898,2026-02-04,19:00:00,6,2,2
15237898,2026-02-04,19:00:00,6,2,2
15237903,2026-02-04,20:00:00,16,14,16
15237903,2026-02-04,20:00:00,16,14,16
15237903,2026-02-04,20:00:00,16,14,16
15237903,2026-02-04,20:00:00,16,14,16
15237903,2026-02-04,20:00:00,16,14,14
15237903,2026-02-04,20:00:00,16,14,14
15237903,2026-02-04,20:00:00,16,14,14
15237903,2026-02-04,20:00:00,16,14,14
15237896,2026-02-04,20:00:00,17,18,17
15237896,2026-02-04,20:00:00,17,18,17
15237896,2026-02-04,20:00:00,17,18,17
15237896,2026-02-04,20:00:00,17,18,17
15237896,2026-02-04,20:00:00,17,18,17
15237896,2026-02-04,20:00:00,17,18,17
15237896,2026-02-04,20:00:00,17,18,17
15237896,2026-02-04,20:00:00,17,18,18
15237896,2026-02-04,20:00:00,17,18,18
15237896,2026-02-04,20:00:00,17,18,18
15237896,2026-02-04,20:00:00,17,18,18
15237900,2026-02-04,21:30:00,1,5,1
15237900,2026-02-04,21:30:00,1,5,1
15237900,2026-02-04,21:30:00,1,5,1
15237900,2026-02-04,21:30:00,1,5,1
15237900,2026-02-04,21:30:00,1,5,5
15237900,2026-02-04,21:30:00,1,5,5
15237897,2026-02-04,21:30:00,15,20,15
15237897,2026-02-04,21:30:00,15,20,15
15237897,2026-02-04,21:30:00,15,20,15
15237897,2026-02-04,21:30:00,15,20,15
15237897,2026-02-04,21:30:00,15,20,15
15237897,2026-02-04,21:30:00,15,20,15
15237897,2026-02-04,21:30:00,15,20,20
15237897,2026-02-04,21:30:00,15,20,20
15237897,2026-02-04,21:30:00,15,20,20
15237897,2026-02-04,21:30:00,15,20,20
15237902,2026-02-05,19:00:00,4,12,4
15237902,2026-02-05,19:00:00,4,12,4
15237902,2026-02-05,19:00:00,4,12,4
15237902,2026-02-05,19:00:00,4,12,4
15237902,2026-02-05,19:00:00,4,12,4
15237902,2026-02-05,19:00:00,4,12,4
15237902,2026-02-05,19:00:00,4,12,12
15237902,2026-02-05,19:00:00,4,12,12
15237902,2026-02-05,19:00:00,4,12,12
15237902,2026-02-05,19:00:00,4,12,12
15237895,2026-02-05,20:00:00,19,7,19
15237895,2026-02-05,20:00:00,19,7,19
15237895,2026-02-05,20:00:00,19,7,19
15237895,2026-02-05,20:00:00,19,7,19
15237895,2026-02-05,20:00:00,19,7,19
15237895,2026-02-05,20:00:00,19,7,19
15237895,2026-02-05,20:00:00,19,7,19
15237895,2026-02-05,20:00:00,19,7,19
15237895,2026-02-05,20:00:00,19,7,19
15237895,2026-02-05,20:00:00,19,7,19
15237895,2026-02-05,20:00:00,19,7,19
15237895,2026-02-05,20:00:00,19,7,19
15237895,2026-02-05,20:00:00,19,7,19
15237895,2026-02-05,20:00:00,19,7,19
15237899,2026-02-05,21:30:00,10,9,10
15237899,2026-02-05,21:30:00,10,9,10
15237899,2026-02-05,21:30:00,10,9,10
15237899,2026-02-05,21:30:00,10,9,10
15237899,2026-02-05,21:30:00,10,9,10
15237899,2026-02-05,21:30:00,10,9,10
15237899,2026-02-05,21:30:00,10,9,10
15237899,2026-02-05,21:30:00,10,9,10
15237899,2026-02-05,21:30:00,10,9,10
15237899,2026-02-05,21:30:00,10,9,10
15237899,2026-02-05,21:30:00,10,9,10
15237899,2026-02-05,21:30:00,10,9,10
15237899,2026-02-05,21:30:00,10,9,9
15237899,2026-02-05,21:30:00,10,9,9
15369877,2026-02-19,19:30:00,3,8,3
15369877,2026-02-19,19:30:00,3,8,3
15369877,2026-02-19,19:30:00,3,8,3
15369877,2026-02-19,19:30:00,3,8,3
15369877,2026-02-19,19:30:00,3,8,3
15369877,2026-02-19,19:30:00,3,8,3
15369877,2026-02-19,19:30:00,3,8,3
15369877,2026-02-19,19:30:00,3,8,3
15237912,2026-02-10,21:30:00,20,11,20
15237912,2026-02-10,21:30:00,20,11,20
15237912,2026-02-10,21:30:00,20,11,20
15237912,2026-02-10,21:30:00,20,11,20
15237912,2026-02-10,21:30:00,20,11,20
15237912,2026-02-10,21:30:00,20,11,20
15237912,2026-02-10,21:30:00,20,11,20
15237912,2026-02-10,21:30:00,20,11,11
15237912,2026-02-10,21:30:00,20,11,11
15237913,2026-02-11,19:00:00,7,9,7
15237913,2026-02-11,19:00:00,7,9,7
15237913,2026-02-11,19:00:00,7,9,7
15237913,2026-02-11,19:00:00,7,9,7
15237913,2026-02-11,19:00:00,7,9,7
15237913,2026-02-11,19:00:00,7,9,7
15237913,2026-02-11,19:00:00,7,9,9
15237913,2026-02-11,19:00:00,7,9,9
15237913,2026-02-11,19:00:00,7,9,9
15237913,2026-02-11,19:00:00,7,9,9
15237913,2026-02-11,19:00:00,7,9,9
15237908,2026-02-11,19:00:00,14,10,14
15237908,2026-02-11,19:00:00,14,10,14
15237908,2026-02-11,19:00:00,14,10,14
15237908,2026-02-11,19:00:00,14,10,14
15237908,2026-02-11,19:00:00,14,10,14
15237908,2026-02-11,19:00:00,14,10,14
15237908,2026-02-11,19:00:00,14,10,14
15237908,2026-02-11,19:00:00,14,10,14
15237908,2026-02-11,19:00:00,14,10,14
15237909,2026-02-11,20:00:00,2,16,2
15237909,2026-02-11,20:00:00,2,16,2
15237909,2026-02-11,20:00:00,2,16,2
15237909,2026-02-11,20:00:00,2,16,2
15237909,2026-02-11,20:00:00,2,16,2
15237909,2026-02-11,20:00:00,2,16,2
15237909,2026-02-11,20:00:00,2,16,16
15237909,2026-02-11,20:00:00,2,16,16
15237909,2026-02-11,20:00:00,2,16,16
15237909,2026-02-11,20:00:00,2,16,16
15237909,2026-02-11,20:00:00,2,16,16
15237906,2026-02-11,21:30:00,18,1,18
15237906,2026-02-11,21:30:00,18,1,18
15237906,2026-02-11,21:30:00,18,1,18
15237906,2026-02-11,21:30:00,18,1,1
15237906,2026-02-11,21:30:00,18,1,1
15237906,2026-02-11,21:30:00,18,1,1
15237905,2026-02-11,21:30:00,19,4,19
15237905,2026-02-11,21:30:00,19,4,19
15237905,2026-02-11,21:30:00,19,4,19
15237905,2026-02-11,21:30:00,19,4,19
15237905,2026-02-11,21:30:00,19,4,19
15237905,2026-02-11,21:30:00,19,4,19
15237905,2026-02-11,21:30:00,19,4,19
15237905,2026-02-11,21:30:00,19,4,19
15237905,2026-02-11,21:30:00,19,4,4
15237905,2026-02-11,21:30:00,19,4,4
15237905,2026-02-11,21:30:00,19,4,4
15237905,2026-02-11,21:30:00,19,4,4
15237911,2026-02-12,19:00:00,3,17,3
15237911,2026-02-12,19:00:00,3,17,3
15237911,2026-02-12,19:00:00,3,17,3
15237911,2026-02-12,19:00:00,3,17,3
15237911,2026-02-12,19:00:00,3,17,3
15237911,2026-02-12,19:00:00,3,17,3
15237911,2026-02-12,19:00:00,3,17,3
15237911,2026-02-12,19:00:00,3,17,3
15237911,2026-02-12,19:00:00,3,17,17
15237911,2026-02-12,19:00:00,3,17,17
15237904,2026-02-12,19:30:00,12,5,12
15237904,2026-02-12,19:30:00,12,5,12
15237904,2026-02-12,19:30:00,12,5,12
15237904,2026-02-12,19:30:00,12,5,12
15237907,2026-02-12,20:00:00,8,6,8
15237907,2026-02-12,20:00:00,8,6,8
15237907,2026-02-12,20:00:00,8,6,8
15237907,2026-02-12,20:00:00,8,6,6
15237907,2026-02-12,20:00:00,8,6,6
15237907,2026-02-12,20:00:00,8,6,6
15237910,2026-02-12,21:30:00,13,15,13
15237910,2026-02-12,21:30:00,13,15,13
15237910,2026-02-12,21:30:00,13,15,13
15237910,2026-02-12,21:30:00,13,15,13
15237910,2026-02-12,21:30:00,13,15,13
15237910,2026-02-12,21:30:00,13,15,13
15237910,2026-02-12,21:30:00,13,15,13
15237910,2026-02-12,21:30:00,13,15,13
15237910,2026-02-12,21:30:00,13,15,13
15237910,2026-02-12,21:30:00,13,15,13
15237910,2026-02-12,21:30:00,13,15,13
15237910,2026-02-12,21:30:00,13,15,13
15237910,2026-02-12,21:30:00,13,15,13
15237910,2026-02-12,21:30:00,13,15,13
15237910,2026-02-12,21:30:00,13,15,13
15237910,2026-02-12,21:30:00,13,15,13
15237910,2026-02-12,21:30:00,13,15,15
15237910,2026-02-12,21:30:00,13,15,15
15237910,2026-02-12,21:30:00,13,15,15
15237910,2026-02-12,21:30:00,13,15,15
15237918,2026-02-25,19:00:00,6,3,6
15237918,2026-02-25,19:00:00,6,3,6
15237918,2026-02-25,19:00:00,6,3,3
15237918,2026-02-25,19:00:00,6,3,3
15237918,2026-02-25,19:00:00,6,3,3
15237918,2026-02-25,19:00:00,6,3,3
15237918,2026-02-25,19:00:00,6,3,3
15237918,2026-02-25,19:00:00,6,3,3
15237918,2026-02-25,19:00:00,6,3,3
15237924,2026-02-25,19:00:00,16,13,16
15237924,2026-02-25,19:00:00,16,13,16
15237924,2026-02-25,19:00:00,16,13,16
15237924,2026-02-25,19:00:00,16,13,16
15237924,2026-02-25,19:00:00,16,13,16
15237924,2026-02-25,19:00:00,16,13,16
15237924,2026-02-25,19:00:00,16,13,16
15237924,2026-02-25,19:00:00,16,13,13
15237924,2026-02-25,19:00:00,16,13,13
15237924,2026-02-25,19:00:00,16,13,13
15237924,2026-02-25,19:00:00,16,13,13
15237924,2026-02-25,19:00:00,16,13,13
15237924,2026-02-25,19:00:00,16,13,13
15237924,2026-02-25,19:00:00,16,13,13
15237924,2026-02-25,19:00:00,16,13,13
15237924,2026-02-25,19:00:00,16,13,13
15237924,2026-02-25,19:00:00,16,13,13
15237924,2026-02-25,19:00:00,16,13,13
15237924,2026-02-25,19:00:00,16,13,13
15237922,2026-02-25,19:30:00,9,18,9
15237922,2026-02-25,19:30:00,9,18,9
15237922,2026-02-25,19:30:00,9,18,9
15237922,2026-02-25,19:30:00,9,18,18
15237922,2026-02-25,19:30:00,9,18,18
15237922,2026-02-25,19:30:00,9,18,18
15237922,2026-02-25,19:30:00,9,18,18
15237922,2026-02-25,19:30:00,9,18,18
15237922,2026-02-25,19:30:00,9,18,18
15237922,2026-02-25,19:30:00,9,18,18
15237919,2026-02-25,20:00:00,10,8,10
15237919,2026-02-25,20:00:00,10,8,10
15237919,2026-02-25,20:00:00,10,8,10
15237919,2026-02-25,20:00:00,10,8,10
15237919,2026-02-25,20:00:00,10,8,10
15237919,2026-02-25,20:00:00,10,8,8
15237919,2026-02-25,20:00:00,10,8,8
15237919,2026-02-25,20:00:00,10,8,8
15237921,2026-02-25,21:30:00,1,2,1
15237921,2026-02-25,21:30:00,1,2,1
15237921,2026-02-25,21:30:00,1,2,1
15237921,2026-02-25,21:30:00,1,2,1
15237921,2026-02-25,21:30:00,1,2,1
15237921,2026-02-25,21:30:00,1,2,1
15237921,2026-02-25,21:30:00,1,2,2
15237921,2026-02-25,21:30:00,1,2,2
15237921,2026-02-25,21:30:00,1,2,2
15237917,2026-02-25,21:30:00,15,12,15
15237917,2026-02-25,21:30:00,15,12,15
15237917,2026-02-25,21:30:00,15,12,15
15237917,2026-02-25,21:30:00,15,12,15
15237917,2026-02-25,21:30:00,15,12,15
15237917,2026-02-25,21:30:00,15,12,12
15237917,2026-02-25,21:30:00,15,12,12
15237917,2026-02-25,21:30:00,15,12,12
15237917,2026-02-25,21:30:00,15,12,12
15237917,2026-02-25,21:30:00,15,12,12
15237917,2026-02-25,21:30:00,15,12,12
15237917,2026-02-25,21:30:00,15,12,12
15237917,2026-02-25,21:30:00,15,12,12
15237917,2026-02-25,21:30:00,15,12,12
15237917,2026-02-25,21:30:00,15,12,12
15237917,2026-02-25,21:30:00,15,12,12
15237916,2026-02-26,19:00:00,17,19,17
15237916,2026-02-26,19:00:00,17,19,17
15237916,2026-02-26,19:00:00,17,19,17
15237916,2026-02-26,19:00:00,17,19,17
15237916,2026-02-26,19:00:00,17,19,17
15237916,2026-02-26,19:00:00,17,19,19
15237916,2026-02-26,19:00:00,17,19,19
15237929,2026-03-10,21:30:00,14,17,14
15237929,2026-03-10,21:30:00,14,17,14
15237929,2026-03-10,21:30:00,14,17,14
15237929,2026-03-10,21:30:00,14,17,14
15237929,2026-03-10,21:30:00,14,17,14
15237929,2026-03-10,21:30:00,14,17,14
15237929,2026-03-10,21:30:00,14,17,17
15237929,2026-03-10,21:30:00,14,17,17
15237929,2026-03-10,21:30:00,14,17,17
15237929,2026-03-10,21:30:00,14,17,17
15237929,2026-03-10,21:30:00,14,17,17
15237929,2026-03-10,21:30:00,14,17,17
15237929,2026-03-10,21:30:00,14,17,17
15237930,2026-03-11,19:00:00,2,13,2
15237930,2026-03-11,19:00:00,2,13,2
15237930,2026-03-11,19:00:00,2,13,13
15237930,2026-03-11,19:00:00,2,13,13
15237930,2026-03-11,19:00:00,2,13,13
15237930,2026-03-11,19:00:00,2,13,13
15237930,2026-03-11,19:00:00,2,13,13
15237930,2026-03-11,19:00:00,2,13,13
15237930,2026-03-11,19:00:00,2,13,13
15237930,2026-03-11,19:00:00,2,13,13
15237930,2026-03-11,19:00:00,2,13,13
15237930,2026-03-11,19:00:00,2,13,13
15237930,2026-03-11,19:00:00,2,13,13
15237930,2026-03-11,19:00:00,2,13,13
15237930,2026-03-11,19:00:00,2,13,13
15237930,2026-03-11,19:00:00,2,13,13
15237933,2026-03-11,20:00:00,4,20,4
15237933,2026-03-11,20:00:00,4,20,4
15237933,2026-03-11,20:00:00,4,20,4
15237933,2026-03-11,20:00:00,4,20,4
15237933,2026-03-11,20:00:00,4,20,4
15237933,2026-03-11,20:00:00,4,20,4
15237933,2026-03-11,20:00:00,4,20,4
15237933,2026-03-11,20:00:00,4,20,20
15237933,2026-03-11,20:00:00,4,20,20
15237933,2026-03-11,20:00:00,4,20,20
15237928,2026-03-11,21:30:00,8,9,8
15237928,2026-03-11,21:30:00,8,9,8
15237928,2026-03-11,21:30:00,8,9,8
15237928,2026-03-11,21:30:00,8,9,8
15237928,2026-03-11,21:30:00,8,9,8
15237928,2026-03-11,21:30:00,8,9,8
15237928,2026-03-11,21:30:00,8,9,8
15237928,2026-03-11,21:30:00,8,9,8
15237928,2026-03-11,21:30:00,8,9,9
15237928,2026-03-11,21:30:00,8,9,9
15237928,2026-03-11,21:30:00,8,9,9
15237928,2026-03-11,21:30:00,8,9,9
15237928,2026-03-11,21:30:00,8,9,9
15237928,2026-03-11,21:30:00,8,9,9
15237925,2026-03-11,21:30:00,11,10,11
15237925,2026-03-11,21:30:00,11,10,11
15237925,2026-03-11,21:30:00,11,10,11
15237925,2026-03-11,21:30:00,11,10,11
15237925,2026-03-11,21:30:00,11,10,10
15237925,2026-03-11,21:30:00,11,10,10
15237925,2026-03-11,21:30:00,11,10,10
15237925,2026-03-11,21:30:00,11,10,10
15237925,2026-03-11,21:30:00,11,10,10
15237925,2026-03-11,21:30:00,11,10,10
15237925,2026-03-11,21:30:00,11,10,10
15237934,2026-03-12,19:00:00,16,12,16
15237934,2026-03-12,19:00:00,16,12,16
15237934,2026-03-12,19:00:00,16,12,16
15237934,2026-03-12,19:00:00,16,12,16
15237934,2026-03-12,19:00:00,16,12,16
15237934,2026-03-12,19:00:00,16,12,16
15237934,2026-03-12,19:00:00,16,12,12
15237934,2026-03-12,19:00:00,16,12,12
15237934,2026-03-12,19:00:00,16,12,12
15237934,2026-03-12,19:00:00,16,12,12
15237926,2026-03-12,19:30:00,19,15,19
15237926,2026-03-12,19:30:00,19,15,19
15237926,2026-03-12,19:30:00,19,15,19
15237926,2026-03-12,19:30:00,19,15,19
15237926,2026-03-12,19:30:00,19,15,19
15237926,2026-03-12,19:30:00,19,15,19
15237926,2026-03-12,19:30:00,19,15,19
15237926,2026-03-12,19:30:00,19,15,19
15237926,2026-03-12,19:30:00,19,15,19
15237926,2026-03-12,19:30:00,19,15,15
15237926,2026-03-12,19:30:00,19,15,15
15237926,2026-03-12,19:30:00,19,15,15
15237926,2026-03-12,19:30:00,19,15,15
15237926,2026-03-12,19:30:00,19,15,15
15237927,2026-03-12,20:00:00,18,7,18
15237927,2026-03-12,20:00:00,18,7,18
15237927,2026-03-12,20:00:00,18,7,18
15237927,2026-03-12,20:00:00,18,7,18
15237927,2026-03-12,20:00:00,18,7,18
15237927,2026-03-12,20:00:00,18,7,18
15237927,2026-03-12,20:00:00,18,7,18
15237927,2026-03-12,20:00:00,18,7,18
15237927,2026-03-12,20:00:00,18,7,18
15237927,2026-03-12,20:00:00,18,7,18
15237927,2026-03-12,20:00:00,18,7,18
15237927,2026-03-12,20:00:00,18,7,7
15237927,2026-03-12,20:00:00,18,7,7
15237927,2026-03-12,20:00:00,18,7,7
15237927,2026-03-12,20:00:00,18,7,7
15237927,2026-03-12,20:00:00,18,7,7
15237927,2026-03-12,20:00:00,18,7,7
15237931,2026-03-12,21:30:00,1,6,1
15237931,2026-03-12,21:30:00,1,6,1
15237931,2026-03-12,21:30:00,1,6,1
15237931,2026-03-12,21:30:00,1,6,1
15237931,2026-03-12,21:30:00,1,6,6
15237931,2026-03-12,21:30:00,1,6,6
15237931,2026-03-12,21:30:00,1,6,6
15237931,2026-03-12,21:30:00,1,6,6
15237931,2026-03-12,21:30:00,1,6,6
15237931,2026-03-12,21:30:00,1,6,6
15651590,2026-03-29,19:30:00,3,5,3
15651590,2026-03-29,19:30:00,3,5,5
15651590,2026-03-29,19:30:00,3,5,5
15651590,2026-03-29,19:30:00,3,5,5
15651590,2026-03-29,19:30:00,3,5,5
15651590,2026-03-29,19:30:00,3,5,5
15651590,2026-03-29,19:30:00,3,5,5
15651590,2026-03-29,19:30:00,3,5,5
15651590,2026-03-29,19:30:00,3,5,5
15237943,2026-03-14,18:30:00,20,2,20
15237943,2026-03-14,18:30:00,20,2,20
15237943,2026-03-14,18:30:00,20,2,20
15237943,2026-03-14,18:30:00,20,2,20
15237943,2026-03-14,18:30:00,20,2,2
15237943,2026-03-14,18:30:00,20,2,2
15237943,2026-03-14,18:30:00,20,2,2
15237943,2026-03-14,18:30:00,20,2,2
15237943,2026-03-14,18:30:00,20,2,2
15237943,2026-03-14,18:30:00,20,2,2
15237943,2026-03-14,18:30:00,20,2,2
15237943,2026-03-14,18:30:00,20,2,2
15237943,2026-03-14,18:30:00,20,2,2
15237943,2026-03-14,18:30:00,20,2,2
15237936,2026-03-14,20:30:00,5,11,5
15237936,2026-03-14,20:30:00,5,11,5
15237936,2026-03-14,20:30:00,5,11,11
15237936,2026-03-14,20:30:00,5,11,11
15237936,2026-03-14,20:30:00,5,11,11
15237936,2026-03-14,20:30:00,5,11,11
15237935,2026-03-15,16:00:00,12,3,12
15237935,2026-03-15,16:00:00,12,3,12
15237935,2026-03-15,16:00:00,12,3,12
15237935,2026-03-15,16:00:00,12,3,12
15237935,2026-03-15,16:00:00,12,3,12
15237935,2026-03-15,16:00:00,12,3,12
15237935,2026-03-15,16:00:00,12,3,12
15237935,2026-03-15,16:00:00,12,3,3
15237941,2026-03-15,16:00:00,13,4,13
15237941,2026-03-15,16:00:00,13,4,13
15237941,2026-03-15,16:00:00,13,4,13
15237941,2026-03-15,16:00:00,13,4,13
15237941,2026-03-15,16:00:00,13,4,13
15237941,2026-03-15,16:00:00,13,4,13
15237941,2026-03-15,16:00:00,13,4,13
15237941,2026-03-15,16:00:00,13,4,4
15237937,2026-03-15,16:00:00,17,8,17
15237937,2026-03-15,16:00:00,17,8,17
15237937,2026-03-15,16:00:00,17,8,17
15237937,2026-03-15,16:00:00,17,8,17
15237937,2026-03-15,16:00:00,17,8,8
15237937,2026-03-15,16:00:00,17,8,8
15237937,2026-03-15,16:00:00,17,8,8
15237937,2026-03-15,16:00:00,17,8,8
15237937,2026-03-15,16:00:00,17,8,8
15237937,2026-03-15,16:00:00,17,8,8
15237942,2026-03-15,18:30:00,9,16,9
15237942,2026-03-15,18:30:00,9,16,9
15237942,2026-03-15,18:30:00,9,16,9
15237942,2026-03-15,18:30:00,9,16,9
15237942,2026-03-15,18:30:00,9,16,16
15237942,2026-03-15,18:30:00,9,16,16
15237942,2026-03-15,18:30:00,9,16,16
15237942,2026-03-15,18:30:00,9,16,16
15237942,2026-03-15,18:30:00,9,16,16
15237942,2026-03-15,18:30:00,9,16,16
15237938,2026-03-15,18:30:00,15,14,15
15237938,2026-03-15,18:30:00,15,14,15
15237938,2026-03-15,18:30:00,15,14,14
15237938,2026-03-15,18:30:00,15,14,14
15237938,2026-03-15,18:30:00,15,14,14
15237938,2026-03-15,18:30:00,15,14,14
15237940,2026-03-15,20:30:00,10,19,10
15237940,2026-03-15,20:30:00,10,19,10
15237940,2026-03-15,20:30:00,10,19,10
15237940,2026-03-15,20:30:00,10,19,10
15237940,2026-03-15,20:30:00,10,19,10
15237940,2026-03-15,20:30:00,10,19,19
15237940,2026-03-15,20:30:00,10,19,19
15237940,2026-03-15,20:30:00,10,19,19
15237940,2026-03-15,20:30:00,10,19,19
15237939,2026-03-15,20:30:00,6,18,6
15237939,2026-03-15,20:30:00,6,18,6
15237939,2026-03-15,20:30:00,6,18,6
15237939,2026-03-15,20:30:00,6,18,6
15237939,2026-03-15,20:30:00,6,18,6
15237939,2026-03-15,20:30:00,6,18,6
15237939,2026-03-15,20:30:00,6,18,18
15237939,2026-03-15,20:30:00,6,18,18
15237939,2026-03-15,20:30:00,6,18,18
15237939,2026-03-15,20:30:00,6,18,18
15237944,2026-03-16,20:00:00,7,1,7
15237944,2026-03-16,20:00:00,7,1,7
15237944,2026-03-16,20:00:00,7,1,7
15237944,2026-03-16,20:00:00,7,1,7
15237944,2026-03-16,20:00:00,7,1,1
15237944,2026-03-16,20:00:00,7,1,1
15237944,2026-03-16,20:00:00,7,1,1
15237944,2026-03-16,20:00:00,7,1,1
15237944,2026-03-16,20:00:00,7,1,1
15237953,2026-03-18,19:00:00,4,6,4
15237953,2026-03-18,19:00:00,4,6,4
15237953,2026-03-18,19:00:00,4,6,4
15237953,2026-03-18,19:00:00,4,6,4
15237953,2026-03-18,19:00:00,4,6,4
15237953,2026-03-18,19:00:00,4,6,4
15237953,2026-03-18,19:00:00,4,6,4
15237953,2026-03-18,19:00:00,4,6,6
15237953,2026-03-18,19:00:00,4,6,6
15237953,2026-03-18,19:00:00,4,6,6
15237953,2026-03-18,19:00:00,4,6,6
15237953,2026-03-18,19:00:00,4,6,6
15237953,2026-03-18,19:00:00,4,6,6
15237953,2026-03-18,19:00:00,4,6,6
15237948,2026-03-18,19:00:00,15,5,15
15237948,2026-03-18,19:00:00,15,5,15
15237948,2026-03-18,19:00:00,15,5,15
15237948,2026-03-18,19:00:00,15,5,15
15237948,2026-03-18,19:00:00,15,5,15
15237948,2026-03-18,19:00:00,15,5,15
15237948,2026-03-18,19:00:00,15,5,5
15237952,2026-03-18,19:30:00,3,10,3
15237952,2026-03-18,19:30:00,3,10,3
15237952,2026-03-18,19:30:00,3,10,3
15237952,2026-03-18,19:30:00,3,10,3
15237952,2026-03-18,19:30:00,3,10,10
15237952,2026-03-18,19:30:00,3,10,10
15237952,2026-03-18,19:30:00,3,10,10
15237952,2026-03-18,19:30:00,3,10,10
15237952,2026-03-18,19:30:00,3,10,10
15237952,2026-03-18,19:30:00,3,10,10
15237950,2026-03-18,20:00:00,2,18,2
15237950,2026-03-18,20:00:00,2,18,2
15237950,2026-03-18,20:00:00,2,18,2
15237950,2026-03-18,20:00:00,2,18,2
15237950,2026-03-18,20:00:00,2,18,18
15237949,2026-03-18,20:00:00,14,9,14
15237949,2026-03-18,20:00:00,14,9,14
15237949,2026-03-18,20:00:00,14,9,14
15237949,2026-03-18,20:00:00,14,9,14
15237949,2026-03-18,20:00:00,14,9,14
15237949,2026-03-18,20:00:00,14,9,14
15237949,2026-03-18,20:00:00,14,9,14
15237949,2026-03-18,20:00:00,14,9,9
15237949,2026-03-18,20:00:00,14,9,9
15237947,2026-03-18,21:30:00,17,13,17
15237947,2026-03-18,21:30:00,17,13,17
15237947,2026-03-18,21:30:00,17,13,17
15237947,2026-03-18,21:30:00,17,13,13
15237947,2026-03-18,21:30:00,17,13,13
15237947,2026-03-18,21:30:00,17,13,13
15237947,2026-03-18,21:30:00,17,13,13
15237947,2026-03-18,21:30:00,17,13,13
15237947,2026-03-18,21:30:00,17,13,13
15237947,2026-03-18,21:30:00,17,13,13
15237947,2026-03-18,21:30:00,17,13,13
15237946,2026-03-18,21:30:00,19,12,19
15237946,2026-03-18,21:30:00,19,12,19
15237946,2026-03-18,21:30:00,19,12,19
15237946,2026-03-18,21:30:00,19,12,19
15237946,2026-03-18,21:30:00,19,12,19
15237946,2026-03-18,21:30:00,19,12,12
15237946,2026-03-18,21:30:00,19,12,12
15237946,2026-03-18,21:30:00,19,12,12
15237946,2026-03-18,21:30:00,19,12,12
15237946,2026-03-18,21:30:00,19,12,12
15237951,2026-03-19,19:00:00,1,20,1
15237951,2026-03-19,19:00:00,1,20,1
15237951,2026-03-19,19:00:00,1,20,1
15237951,2026-03-19,19:00:00,1,20,1
15237951,2026-03-19,19:00:00,1,20,20
15237951,2026-03-19,19:00:00,1,20,20
15237951,2026-03-19,19:00:00,1,20,20
15237951,2026-03-19,19:00:00,1,20,20
15237951,2026-03-19,19:00:00,1,20,20
15237945,2026-03-19,20:00:00,11,16,11
15237945,2026-03-19,20:00:00,11,16,11
15237945,2026-03-19,20:00:00,11,16,11
15237945,2026-03-19,20:00:00,11,16,11
15237945,2026-03-19,20:00:00,11,16,11
15237945,2026-03-19,20:00:00,11,16,11
15237945,2026-03-19,20:00:00,11,16,11
15237945,2026-03-19,20:00:00,11,16,16
15237945,2026-03-19,20:00:00,11,16,16
15237954,2026-03-19,21:30:00,7,8,7
15237954,2026-03-19,21:30:00,7,8,7
15237954,2026-03-19,21:30:00,7,8,7
15237954,2026-03-19,21:30:00,7,8,7
15237954,2026-03-19,21:30:00,7,8,7
15237954,2026-03-19,21:30:00,7,8,7
15237954,2026-03-19,21:30:00,7,8,8
15237954,2026-03-19,21:30:00,7,8,8
15237954,2026-03-19,21:30:00,7,8,8
15237954,2026-03-19,21:30:00,7,8,8
15237959,2026-03-21,16:00:00,6,5,6
15237959,2026-03-21,16:00:00,6,5,6
15237959,2026-03-21,16:00:00,6,5,6
15237959,2026-03-21,16:00:00,6,5,6
15237959,2026-03-21,16:00:00,6,5,6
15237959,2026-03-21,16:00:00,6,5,6
15237959,2026-03-21,16:00:00,6,5,6
15237959,2026-03-21,16:00:00,6,5,6
15237959,2026-03-21,16:00:00,6,5,6
15237959,2026-03-21,16:00:00,6,5,6
15237959,2026-03-21,16:00:00,6,5,6
15237959,2026-03-21,16:00:00,6,5,5
15237959,2026-03-21,16:00:00,6,5,5
15237959,2026-03-21,16:00:00,6,5,5
15237959,2026-03-21,16:00:00,6,5,5
15237959,2026-03-21,16:00:00,6,5,5
15237959,2026-03-21,16:00:00,6,5,5
15237955,2026-03-21,18:30:00,12,2,12
15237955,2026-03-21,18:30:00,12,2,12
15237955,2026-03-21,18:30:00,12,2,12
15237955,2026-03-21,18:30:00,12,2,2
15237955,2026-03-21,18:30:00,12,2,2
15237957,2026-03-21,21:00:00,18,15,18
15237957,2026-03-21,21:00:00,18,15,18
15237957,2026-03-21,21:00:00,18,15,18
15237957,2026-03-21,21:00:00,18,15,18
15237957,2026-03-21,21:00:00,18,15,18
15237957,2026-03-21,21:00:00,18,15,18
15237957,2026-03-21,21:00:00,18,15,18
15237957,2026-03-21,21:00:00,18,15,18
15237957,2026-03-21,21:00:00,18,15,18
15237957,2026-03-21,21:00:00,18,15,18
15237957,2026-03-21,21:00:00,18,15,15
15237962,2026-03-22,16:00:00,3,9,3
15237962,2026-03-22,16:00:00,3,9,3
15237962,2026-03-22,16:00:00,3,9,3
15237962,2026-03-22,16:00:00,3,9,3
15237962,2026-03-22,16:00:00,3,9,3
15237962,2026-03-22,16:00:00,3,9,3
15237962,2026-03-22,16:00:00,3,9,3
15237962,2026-03-22,16:00:00,3,9,9
15237962,2026-03-22,16:00:00,3,9,9
15237962,2026-03-22,16:00:00,3,9,9
15237962,2026-03-22,16:00:00,3,9,9
15237960,2026-03-22,16:00:00,10,17,10
15237960,2026-03-22,16:00:00,10,17,10
15237960,2026-03-22,16:00:00,10,17,10
15237960,2026-03-22,16:00:00,10,17,10
15237960,2026-03-22,16:00:00,10,17,10
15237960,2026-03-22,16:00:00,10,17,10
15237964,2026-03-22,16:00:00,16,4,16
15237964,2026-03-22,16:00:00,16,4,16
15237964,2026-03-22,16:00:00,16,4,16
15237964,2026-03-22,16:00:00,16,4,16
15237964,2026-03-22,16:00:00,16,4,16
15237964,2026-03-22,16:00:00,16,4,4
15237964,2026-03-22,16:00:00,16,4,4
15237964,2026-03-22,16:00:00,16,4,4
15237964,2026-03-22,16:00:00,16,4,4
15237964,2026-03-22,16:00:00,16,4,4
15237964,2026-03-22,16:00:00,16,4,4
15237964,2026-03-22,16:00:00,16,4,4
15237964,2026-03-22,16:00:00,16,4,4
15237964,2026-03-22,16:00:00,16,4,4
15237956,2026-03-22,16:00:00,19,1,1
15237956,2026-03-22,16:00:00,19,1,1
15237961,2026-03-22,18:30:00,13,7,13
15237961,2026-03-22,18:30:00,13,7,13
15237961,2026-03-22,18:30:00,13,7,13
15237961,2026-03-22,18:30:00,13,7,13
15237961,2026-03-22,18:30:00,13,7,7
15237961,2026-03-22,18:30:00,13,7,7
15237961,2026-03-22,18:30:00,13,7,7
15237961,2026-03-22,18:30:00,13,7,7
15237963,2026-03-22,18:30:00,20,14,20
15237963,2026-03-22,18:30:00,20,14,20
15237963,2026-03-22,18:30:00,20,14,20
15237963,2026-03-22,18:30:00,20,14,20
15237963,2026-03-22,18:30:00,20,14,14
15237963,2026-03-22,18:30:00,20,14,14
15237963,2026-03-22,18:30:00,20,14,14
15237963,2026-03-22,18:30:00,20,14,14
15237963,2026-03-22,18:30:00,20,14,14
15237958,2026-03-22,20:30:00,8,11,8
15237958,2026-03-22,20:30:00,8,11,8
15237958,2026-03-22,20:30:00,8,11,8
15237958,2026-03-22,20:30:00,8,11,8
15237958,2026-03-22,20:30:00,8,11,8
15237958,2026-03-22,20:30:00,8,11,8
15237958,2026-03-22,20:30:00,8,11,11
15237958,2026-03-22,20:30:00,8,11,11
15237966,2026-04-01,19:30:00,5,14,5
15237966,2026-04-01,19:30:00,5,14,5
15237966,2026-04-01,19:30:00,5,14,14
15237966,2026-04-01,19:30:00,5,14,14
15237966,2026-04-01,19:30:00,5,14,14
15237966,2026-04-01,19:30:00,5,14,14
15237966,2026-04-01,19:30:00,5,14,14
15237966,2026-04-01,19:30:00,5,14,14
15237966,2026-04-01,19:30:00,5,14,14
15237966,2026-04-01,19:30:00,5,14,14
15237971,2026-04-01,19:30:00,13,18,13
15237971,2026-04-01,19:30:00,13,18,13
15237971,2026-04-01,19:30:00,13,18,18
15237971,2026-04-01,19:30:00,13,18,18
15237971,2026-04-01,19:30:00,13,18,18
15237971,2026-04-01,19:30:00,13,18,18
15237971,2026-04-01,19:30:00,13,18,18
15237971,2026-04-01,19:30:00,13,18,18
15237971,2026-04-01,19:30:00,13,18,18
15237971,2026-04-01,19:30:00,13,18,18
15237971,2026-04-01,19:30:00,13,18,18
15237971,2026-04-01,19:30:00,13,18,18
15237971,2026-04-01,19:30:00,13,18,18
15237973,2026-04-01,20:00:00,4,3,4
15237973,2026-04-01,20:00:00,4,3,4
15237973,2026-04-01,20:00:00,4,3,4
15237973,2026-04-01,20:00:00,4,3,3
15237970,2026-04-01,20:00:00,10,20,10
15237970,2026-04-01,20:00:00,10,20,10
15237970,2026-04-01,20:00:00,10,20,10
15237970,2026-04-01,20:00:00,10,20,10
15237970,2026-04-01,20:00:00,10,20,10
15237970,2026-04-01,20:00:00,10,20,20
15237970,2026-04-01,20:00:00,10,20,20
15237970,2026-04-01,20:00:00,10,20,20
15237970,2026-04-01,20:00:00,10,20,20
15237970,2026-04-01,20:00:00,10,20,20
15237970,2026-04-01,20:00:00,10,20,20
15237972,2026-04-01,20:30:00,9,19,9
15237972,2026-04-01,20:30:00,9,19,9
15237972,2026-04-01,20:30:00,9,19,9
15237972,2026-04-01,20:30:00,9,19,19
15237972,2026-04-01,20:30:00,9,19,19
15237972,2026-04-01,20:30:00,9,19,19
15237972,2026-04-01,20:30:00,9,19,19
15237965,2026-04-01,21:30:00,12,8,12
15237965,2026-04-01,21:30:00,12,8,12
15237965,2026-04-01,21:30:00,12,8,12
15237965,2026-04-01,21:30:00,12,8,12
15237965,2026-04-01,21:30:00,12,8,12
15237965,2026-04-01,21:30:00,12,8,12
15237965,2026-04-01,21:30:00,12,8,12
15237965,2026-04-01,21:30:00,12,8,12
15237965,2026-04-01,21:30:00,12,8,8
15237965,2026-04-01,21:30:00,12,8,8
15237965,2026-04-01,21:30:00,12,8,8
15237965,2026-04-01,21:30:00,12,8,8
15237965,2026-04-01,21:30:00,12,8,8
15237965,2026-04-01,21:30:00,12,8,8
15237965,2026-04-01,21:30:00,12,8,8
15237965,2026-04-01,21:30:00,12,8,8
15237965,2026-04-01,21:30:00,12,8,8
15237965,2026-04-01,21:30:00,12,8,8
15235602,2026-04-02,19:00:00,7,2,7
15235602,2026-04-02,19:00:00,7,2,7
15235602,2026-04-02,19:00:00,7,2,7
15235602,2026-04-02,19:00:00,7,2,7
15235602,2026-04-02,19:00:00,7,2,7
15235602,2026-04-02,19:00:00,7,2,7
15235602,2026-04-02,19:00:00,7,2,7
15235602,2026-04-02,19:00:00,7,2,2
15235602,2026-04-02,19:00:00,7,2,2
15235602,2026-04-02,19:00:00,7,2,2
15237967,2026-04-02,19:00:00,17,16,17
15237967,2026-04-02,19:00:00,17,16,17
15237967,2026-04-02,19:00:00,17,16,17
15237967,2026-04-02,19:00:00,17,16,17
15237967,2026-04-02,19:00:00,17,16,17
15237967,2026-04-02,19:00:00,17,16,17
15237967,2026-04-02,19:00:00,17,16,17
15237967,2026-04-02,19:00:00,17,16,16
15237967,2026-04-02,19:00:00,17,16,16
15237967,2026-04-02,19:00:00,17,16,16
15237967,2026-04-02,19:00:00,17,16,16
15237968,2026-04-02,21:30:00,15,1,15
15237968,2026-04-02,21:30:00,15,1,15
15237968,2026-04-02,21:30:00,15,1,15
15237968,2026-04-02,21:30:00,15,1,15
15237968,2026-04-02,21:30:00,15,1,15
15237968,2026-04-02,21:30:00,15,1,15
15237968,2026-04-02,21:30:00,15,1,15
15237968,2026-04-02,21:30:00,15,1,15
15237968,2026-04-02,21:30:00,15,1,1
15237968,2026-04-02,21:30:00,15,1,1
15237969,2026-04-02,21:30:00,6,11,6
15237969,2026-04-02,21:30:00,6,11,6
15237969,2026-04-02,21:30:00,6,11,6
15237969,2026-04-02,21:30:00,6,11,6
15237969,2026-04-02,21:30:00,6,11,6
15237969,2026-04-02,21:30:00,6,11,6
15237969,2026-04-02,21:30:00,6,11,6
15237969,2026-04-02,21:30:00,6,11,11
15237969,2026-04-02,21:30:00,6,11,11
15237969,2026-04-02,21:30:00,6,11,11
15237969,2026-04-02,21:30:00,6,11,11
15237969,2026-04-02,21:30:00,6,11,11
15235504,2026-04-04,18:30:00,18,10,18
15235504,2026-04-04,18:30:00,18,10,18
15235504,2026-04-04,18:30:00,18,10,18
15235504,2026-04-04,18:30:00,18,10,18
15235504,2026-04-04,18:30:00,18,10,18
15235504,2026-04-04,18:30:00,18,10,18
15235504,2026-04-04,18:30:00,18,10,10
15235504,2026-04-04,18:30:00,18,10,10
15235504,2026-04-04,18:30:00,18,10,10
15235504,2026-04-04,18:30:00,18,10,10
15235507,2026-04-04,20:30:00,9,12,9
15235507,2026-04-04,20:30:00,9,12,9
15235507,2026-04-04,20:30:00,9,12,9
15235507,2026-04-04,20:30:00,9,12,12
15235507,2026-04-04,20:30:00,9,12,12
15235507,2026-04-04,20:30:00,9,12,12
15235507,2026-04-04,20:30:00,9,12,12
15235507,2026-04-04,20:30:00,9,12,12
15235507,2026-04-04,20:30:00,9,12,12
15235507,2026-04-04,20:30:00,9,12,12
15235507,2026-04-04,20:30:00,9,12,12
15235507,2026-04-04,20:30:00,9,12,12
15235507,2026-04-04,20:30:00,9,12,12
15235514,2026-04-04,21:00:00,19,5,19
15235514,2026-04-04,21:00:00,19,5,19
15235514,2026-04-04,21:00:00,19,5,19
15235514,2026-04-04,21:00:00,19,5,5
15235514,2026-04-04,21:00:00,19,5,5
15235513,2026-04-05,16:00:00,7,20,7
15235513,2026-04-05,16:00:00,7,20,7
15235513,2026-04-05,16:00:00,7,20,7
15235513,2026-04-05,16:00:00,7,20,7
15235513,2026-04-05,16:00:00,7,20,7
15235513,2026-04-05,16:00:00,7,20,7
15235513,2026-04-05,16:00:00,7,20,7
15235513,2026-04-05,16:00:00,7,20,7
15235513,2026-04-05,16:00:00,7,20,7
15235513,2026-04-05,16:00:00,7,20,20
15235503,2026-04-05,17:30:00,2,3,2
15235503,2026-04-05,17:30:00,2,3,2
15235503,2026-04-05,17:30:00,2,3,3
15235503,2026-04-05,17:30:00,2,3,3
15235503,2026-04-05,17:30:00,2,3,3
15235503,2026-04-05,17:30:00,2,3,3
15235503,2026-04-05,17:30:00,2,3,3
15235503,2026-04-05,17:30:00,2,3,3
15235503,2026-04-05,17:30:00,2,3,3
15235503,2026-04-05,17:30:00,2,3,3
15235603,2026-04-05,17:30:00,11,17,11
15235603,2026-04-05,17:30:00,11,17,11
15235603,2026-04-05,17:30:00,11,17,17
15235603,2026-04-05,17:30:00,11,17,17
15235603,2026-04-05,17:30:00,11,17,17
15235603,2026-04-05,17:30:00,11,17,17
15235603,2026-04-05,17:30:00,11,17,17
15235603,2026-04-05,17:30:00,11,17,17
15235603,2026-04-05,17:30:00,11,17,17
15235511,2026-04-05,19:30:00,4,15,4
15235511,2026-04-05,19:30:00,4,15,4
15235511,2026-04-05,19:30:00,4,15,4
15235511,2026-04-05,19:30:00,4,15,4
15235511,2026-04-05,19:30:00,4,15,4
15235511,2026-04-05,19:30:00,4,15,4
15235511,2026-04-05,19:30:00,4,15,4
15235511,2026-04-05,19:30:00,4,15,15
15235511,2026-04-05,19:30:00,4,15,15
15235511,2026-04-05,19:30:00,4,15,15
15235511,2026-04-05,19:30:00,4,15,15
15235511,2026-04-05,19:30:00,4,15,15
15235509,2026-04-05,19:30:00,8,13,8
15235509,2026-04-05,19:30:00,8,13,8
15235509,2026-04-05,19:30:00,8,13,8
15235509,2026-04-05,19:30:00,8,13,8
15235509,2026-04-05,19:30:00,8,13,8
15235509,2026-04-05,19:30:00,8,13,8
15235509,2026-04-05,19:30:00,8,13,8
15235509,2026-04-05,19:30:00,8,13,13
15235509,2026-04-05,19:30:00,8,13,13
15235509,2026-04-05,19:30:00,8,13,13
15235509,2026-04-05,19:30:00,8,13,13
15235518,2026-04-05,20:00:00,14,6,14
15235518,2026-04-05,20:00:00,14,6,14
15235518,2026-04-05,20:00:00,14,6,14
15235518,2026-04-05,20:00:00,14,6,14
15235518,2026-04-05,20:00:00,14,6,14
15235518,2026-04-05,20:00:00,14,6,14
15235518,2026-04-05,20:00:00,14,6,14
15235518,2026-04-05,20:00:00,14,6,14
15235518,2026-04-05,20:00:00,14,6,14
15235518,2026-04-05,20:00:00,14,6,14
15235518,2026-04-05,20:00:00,14,6,14
15235518,2026-04-05,20:00:00,14,6,14
15235518,2026-04-05,20:00:00,14,6,6
15235518,2026-04-05,20:00:00,14,6,6
15235518,2026-04-05,20:00:00,14,6,6
15235518,2026-04-05,20:00:00,14,6,6
15235518,2026-04-05,20:00:00,14,6,6
15235518,2026-04-05,20:00:00,14,6,6
15235505,2026-04-05,20:30:00,1,16,1
15235505,2026-04-05,20:30:00,1,16,1
15235505,2026-04-05,20:30:00,1,16,1
15235505,2026-04-05,20:30:00,1,16,1
15235505,2026-04-05,20:30:00,1,16,1
15235505,2026-04-05,20:30:00,1,16,1
15235505,2026-04-05,20:30:00,1,16,1
15235505,2026-04-05,20:30:00,1,16,1
15235505,2026-04-05,20:30:00,1,16,16
15235505,2026-04-05,20:30:00,1,16,16
15235505,2026-04-05,20:30:00,1,16,16
15235542,2026-04-11,16:30:00,16,19,16
15235542,2026-04-11,16:30:00,16,19,16
15235542,2026-04-11,16:30:00,16,19,16
15235542,2026-04-11,16:30:00,16,19,19
15235542,2026-04-11,16:30:00,16,19,19
15235542,2026-04-11,16:30:00,16,19,19
15235542,2026-04-11,16:30:00,16,19,19
15235542,2026-04-11,16:30:00,16,19,19
15235542,2026-04-11,16:30:00,16,19,19
15235517,2026-04-11,16:30:00,20,18,20
15235517,2026-04-11,16:30:00,20,18,18
15235517,2026-04-11,16:30:00,20,18,18
15235517,2026-04-11,16:30:00,20,18,18
15235517,2026-04-11,16:30:00,20,18,18
15235517,2026-04-11,16:30:00,20,18,18
15235517,2026-04-11,16:30:00,20,18,18
15235515,2026-04-11,18:30:00,14,4,14
15235515,2026-04-11,18:30:00,14,4,14
15235515,2026-04-11,18:30:00,14,4,14
15235515,2026-04-11,18:30:00,14,4,14
15235515,2026-04-11,18:30:00,14,4,14
15235515,2026-04-11,18:30:00,14,4,14
15235515,2026-04-11,18:30:00,14,4,14
15235515,2026-04-11,18:30:00,14,4,14
15235515,2026-04-11,18:30:00,14,4,4
15235515,2026-04-11,18:30:00,14,4,4
15235515,2026-04-11,18:30:00,14,4,4
15235515,2026-04-11,18:30:00,14,4,4
15235510,2026-04-11,20:00:00,17,2,17
15235510,2026-04-11,20:00:00,17,2,17
15235510,2026-04-11,20:00:00,17,2,17
15235510,2026-04-11,20:00:00,17,2,17
15235510,2026-04-11,20:00:00,17,2,17
15235510,2026-04-11,20:00:00,17,2,2
15235510,2026-04-11,20:00:00,17,2,2
15235510,2026-04-11,20:00:00,17,2,2
15235510,2026-04-11,20:00:00,17,2,2
15235510,2026-04-11,20:00:00,17,2,2
15235510,2026-04-11,20:00:00,17,2,2
15235510,2026-04-11,20:00:00,17,2,2
15235546,2026-04-11,20:30:00,13,1,13
15235546,2026-04-11,20:30:00,13,1,13
15235546,2026-04-11,20:30:00,13,1,13
15235546,2026-04-11,20:30:00,13,1,13
15235546,2026-04-11,20:30:00,13,1,13
15235546,2026-04-11,20:30:00,13,1,13
15235546,2026-04-11,20:30:00,13,1,13
15235546,2026-04-11,20:30:00,13,1,13
15235546,2026-04-11,20:30:00,13,1,1
15235546,2026-04-11,20:30:00,13,1,1
15235543,2026-04-12,11:00:00,3,7,3
15235543,2026-04-12,11:00:00,3,7,3
15235543,2026-04-12,11:00:00,3,7,3
15235543,2026-04-12,11:00:00,3,7,3
15235543,2026-04-12,11:00:00,3,7,3
15235508,2026-04-12,16:00:00,5,9,5
15235508,2026-04-12,16:00:00,5,9,5
15235508,2026-04-12,16:00:00,5,9,5
15235508,2026-04-12,16:00:00,5,9,5
15235508,2026-04-12,16:00:00,5,9,5
15235508,2026-04-12,16:00:00,5,9,5
15235508,2026-04-12,16:00:00,5,9,5
15235508,2026-04-12,16:00:00,5,9,9
15235508,2026-04-12,16:00:00,5,9,9
15235508,2026-04-12,16:00:00,5,9,9
15235508,2026-04-12,16:00:00,5,9,9
15235506,2026-04-12,18:00:00,12,11,12
15235506,2026-04-12,18:00:00,12,11,12
15235506,2026-04-12,18:00:00,12,11,12
15235506,2026-04-12,18:00:00,12,11,12
15235506,2026-04-12,18:00:00,12,11,12
15235506,2026-04-12,18:00:00,12,11,12
15235506,2026-04-12,18:00:00,12,11,12
15235506,2026-04-12,18:00:00,12,11,12
15235506,2026-04-12,18:00:00,12,11,11
15235506,2026-04-12,18:00:00,12,11,11
15235512,2026-04-12,18:30:00,8,15,8
15235512,2026-04-12,18:30:00,8,15,8
15235512,2026-04-12,18:30:00,8,15,15
15235512,2026-04-12,18:30:00,8,15,15
15235512,2026-04-12,18:30:00,8,15,15
15235512,2026-04-12,18:30:00,8,15,15
15235512,2026-04-12,18:30:00,8,15,15
15235512,2026-04-12,18:30:00,8,15,15
15235512,2026-04-12,18:30:00,8,15,15
15235516,2026-04-12,18:30:00,10,6,10
15235516,2026-04-12,18:30:00,10,6,10
15235516,2026-04-12,18:30:00,10,6,6
15235516,2026-04-12,18:30:00,10,6,6
15235516,2026-04-12,18:30:00,10,6,6
15235516,2026-04-12,18:30:00,10,6,6
15235516,2026-04-12,18:30:00,10,6,6
15235516,2026-04-12,18:30:00,10,6,6
15235516,2026-04-12,18:30:00,10,6,6
15235526,2026-04-18,18:30:00,7,5,7
15235526,2026-04-18,18:30:00,7,5,7
15235526,2026-04-18,18:30:00,7,5,7
15235526,2026-04-18,18:30:00,7,5,7
15235526,2026-04-18,18:30:00,7,5,5
15235526,2026-04-18,18:30:00,7,5,5
15235526,2026-04-18,18:30:00,7,5,5
15235526,2026-04-18,18:30:00,7,5,5
15235520,2026-04-18,18:30:00,19,18,19
15235520,2026-04-18,18:30:00,19,18,19
15235520,2026-04-18,18:30:00,19,18,19
15235520,2026-04-18,18:30:00,19,18,19
15235520,2026-04-18,18:30:00,19,18,19
15235520,2026-04-18,18:30:00,19,18,19
15235520,2026-04-18,18:30:00,19,18,18
15235520,2026-04-18,18:30:00,19,18,18
15235520,2026-04-18,18:30:00,19,18,18
15235520,2026-04-18,18:30:00,19,18,18
15235520,2026-04-18,18:30:00,19,18,18
15235525,2026-04-18,20:00:00,20,8,20
15235525,2026-04-18,20:00:00,20,8,20
15235525,2026-04-18,20:00:00,20,8,20
15235525,2026-04-18,20:00:00,20,8,20
15235525,2026-04-18,20:00:00,20,8,8
15235525,2026-04-18,20:00:00,20,8,8
15235528,2026-04-18,20:30:00,10,1,10
15235528,2026-04-18,20:30:00,10,1,10
15235528,2026-04-18,20:30:00,10,1,10
15235528,2026-04-18,20:30:00,10,1,10
15235528,2026-04-18,20:30:00,10,1,1
15235523,2026-04-19,11:00:00,13,14,13
15235523,2026-04-19,11:00:00,13,14,13
15235523,2026-04-19,11:00:00,13,14,13
15235523,2026-04-19,11:00:00,13,14,13
15235523,2026-04-19,11:00:00,13,14,13
15235523,2026-04-19,11:00:00,13,14,13
15235523,2026-04-19,11:00:00,13,14,13
15235523,2026-04-19,11:00:00,13,14,13
15235523,2026-04-19,11:00:00,13,14,13
15235523,2026-04-19,11:00:00,13,14,13
15235523,2026-04-19,11:00:00,13,14,13
15235523,2026-04-19,11:00:00,13,14,14
15235523,2026-04-19,11:00:00,13,14,14
15235524,2026-04-19,16:00:00,9,2,9
15235524,2026-04-19,16:00:00,9,2,9
15235524,2026-04-19,16:00:00,9,2,2
15235524,2026-04-19,16:00:00,9,2,2
15235524,2026-04-19,16:00:00,9,2,2
15235524,2026-04-19,16:00:00,9,2,2
15235524,2026-04-19,16:00:00,9,2,2
15235524,2026-04-19,16:00:00,9,2,2
15235524,2026-04-19,16:00:00,9,2,2
15235524,2026-04-19,16:00:00,9,2,2
15235522,2026-04-19,16:00:00,17,12,17
15235522,2026-04-19,16:00:00,17,12,17
15235522,2026-04-19,16:00:00,17,12,17
15235522,2026-04-19,16:00:00,17,12,17
15235522,2026-04-19,16:00:00,17,12,17
15235522,2026-04-19,16:00:00,17,12,17
15235522,2026-04-19,16:00:00,17,12,12
15235522,2026-04-19,16:00:00,17,12,12
15235522,2026-04-19,16:00:00,17,12,12
15235522,2026-04-19,16:00:00,17,12,12
15235550,2026-04-19,18:30:00,15,3,15
15235550,2026-04-19,18:30:00,15,3,15
15235550,2026-04-19,18:30:00,15,3,15
15235550,2026-04-19,18:30:00,15,3,15
15235550,2026-04-19,18:30:00,15,3,15
15235550,2026-04-19,18:30:00,15,3,15
15235550,2026-04-19,18:30:00,15,3,15
15235550,2026-04-19,18:30:00,15,3,15
15235550,2026-04-19,18:30:00,15,3,15
15235550,2026-04-19,18:30:00,15,3,3
15235550,2026-04-19,18:30:00,15,3,3
15235550,2026-04-19,18:30:00,15,3,3
15235521,2026-04-19,18:30:00,6,16,6
15235521,2026-04-19,18:30:00,6,16,16
15235519,2026-04-19,19:30:00,11,4,11
15235519,2026-04-19,19:30:00,11,4,11
15235519,2026-04-19,19:30:00,11,4,11
15235519,2026-04-19,19:30:00,11,4,11
15235519,2026-04-19,19:30:00,11,4,11
15235519,2026-04-19,19:30:00,11,4,11
15235519,2026-04-19,19:30:00,11,4,4
